{"cameraMode":{"drawMode":0,"name":"Shaded","section":"Shading Mode"},"sceneLighting":false,"audioPlay":false,"sceneViewState":{"showFog":false,"showMaterialUpdate":false,"showSkybox":false,"showFlares":false,"showImageEffects":false,"showParticleSystems":false},"in2DMode":false,"pivot":{"x":8.940696716308594e-8,"y":0.5123295187950134,"z":-0.055807627737522128},"rotation":{"x":0.0014456871431320906,"y":0.995407223701477,"z":-0.09465843439102173,"w":0.015232018195092678},"size":0.638430118560791,"orthographic":false}