{"cameraMode":{"drawMode":0,"name":"Shaded","section":"Shading Mode"},"sceneLighting":false,"audioPlay":false,"sceneViewState":{"showFog":false,"showMaterialUpdate":false,"showSkybox":false,"showFlares":false,"showImageEffects":false,"showParticleSystems":false},"in2DMode":false,"pivot":{"x":-2.9802322387695315e-8,"y":0.5329805612564087,"z":-0.015863001346588136},"rotation":{"x":-0.04972553998231888,"y":0.9004241824150086,"z":-0.4187551438808441,"w":-0.10692968964576721},"size":0.6459273099899292,"orthographic":false}